repo_name,owner_username,primary_language,stars_count,forks_count,watchers_count,open_issues_count,created_date,updated_date,license_type
tensorflow,tensorflow,C++,197059,76054,197059,2865,2015-11-07 01:19:20+00:00,2026-08-16 16:45:15+00:00,Apache License 2.0
transformers,huggingface,Python,164147,34254,164147,2381,2018-10-29 13:56:00+00:00,2026-08-16 16:45:07+00:00,Apache License 2.0
ML-For-Beginners,microsoft,Jupyter Notebook,89435,21954,89435,11,2021-03-03 01:34:05+00:00,2026-08-16 16:45:35+00:00,MIT License
funNLP,fighting41love,Python,82500,15267,82500,53,2018-08-21 11:20:39+00:00,2026-08-16 16:35:55+00:00,Unknown
awesome-machine-learning,josephmisiti,Python,74034,15612,74034,24,2014-07-15 19:11:19+00:00,2026-08-16 16:04:11+00:00,Other
scikit-learn,scikit-learn,Python,66961,27290,66961,2128,2010-08-17 09:43:38+00:00,2026-08-16 16:44:41+00:00,"BSD 3-Clause ""New"" or ""Revised"" License"
gradio,gradio-app,Python,43370,3574,43370,184,2018-12-19 08:24:04+00:00,2026-08-16 15:26:51+00:00,Apache License 2.0
500-AI-Machine-learning-Deep-learning-Computer-vision-NLP-Projects-with-code,ashishpatel26,Unknown,36302,7436,36302,67,2021-01-02 12:08:37+00:00,2026-08-16 15:51:30+00:00,Unknown
C-Plus-Plus,TheAlgorithms,C++,34582,7852,34582,32,2016-07-16 10:19:45+00:00,2026-08-16 12:46:04+00:00,MIT License
netron,lutzroeder,JavaScript,33361,3172,33361,16,2010-12-26 12:53:43+00:00,2026-08-16 16:39:49+00:00,MIT License
ML-From-Scratch,eriklindernoren,Python,32477,5430,32477,78,2017-02-05 12:11:23+00:00,2026-08-16 15:43:46+00:00,MIT License
applied-ml,eugeneyan,Unknown,30046,3990,30046,8,2020-07-04 18:57:47+00:00,2026-08-16 16:40:30+00:00,MIT License
machine-learning-for-software-engineers,ZuzooVn,Unknown,28860,6148,28860,32,2016-10-09 21:20:25+00:00,2026-08-15 19:57:02+00:00,Creative Commons Attribution Share Alike 4.0 International
linkedin-skill-assessments-quizzes,Ebazhanov,Python,28812,12915,28812,21,2019-07-13 19:52:56+00:00,2026-08-16 15:17:37+00:00,GNU Affero General Public License v3.0
cs249r_book,harvard-edge,Python,27937,3525,27937,32,2023-09-06 19:31:06+00:00,2026-08-16 16:03:01+00:00,Other
shap,shap,Jupyter Notebook,25686,3741,25686,1013,2016-11-22 19:17:08+00:00,2026-08-16 11:03:39+00:00,MIT License
homemade-machine-learning,trekhleb,Jupyter Notebook,24758,4195,24758,31,2018-11-01 04:34:19+00:00,2026-08-16 13:19:22+00:00,MIT License
Paddle,PaddlePaddle,C++,24053,6014,24053,1522,2016-08-15 06:59:08+00:00,2026-08-16 15:48:15+00:00,Apache License 2.0
best-of-ml-python,lukasmasuch,Unknown,23716,3140,23716,52,2020-11-29 19:41:36+00:00,2026-08-16 15:57:54+00:00,Creative Commons Attribution Share Alike 4.0 International
C,TheAlgorithms,C,22332,4767,22332,18,2016-07-16 10:17:03+00:00,2026-08-16 13:39:03+00:00,GNU General Public License v3.0
onnx,onnx,Python,21318,3999,21318,278,2017-09-07 04:53:45+00:00,2026-08-16 16:22:59+00:00,Apache License 2.0
rasa,RasaHQ,Python,21296,4919,21296,153,2016-10-14 12:27:49+00:00,2026-08-16 11:07:02+00:00,Apache License 2.0
video2x,k4yt3x,C++,20943,1814,20943,129,2018-02-24 16:34:41+00:00,2026-08-16 16:33:54+00:00,GNU Affero General Public License v3.0
awesome-production-machine-learning,EthicalML,Unknown,20847,2590,20847,31,2018-08-15 14:28:41+00:00,2026-08-16 08:26:39+00:00,MIT License
machine-learning-for-trading,stefan-jansen,Jupyter Notebook,20477,5520,20477,5,2018-05-09 12:33:08+00:00,2026-08-16 16:43:50+00:00,MIT License
stanford-cs-229-machine-learning,afshinea,Unknown,20109,4248,20109,20,2018-08-04 23:01:00+00:00,2026-08-16 15:52:10+00:00,MIT License
ml-agents,Unity-Technologies,C#,19628,4481,19628,20,2017-09-08 21:09:04+00:00,2026-08-16 10:11:41+00:00,Other
LightGBM,lightgbm-org,C++,18687,4050,18687,512,2016-08-05 05:45:50+00:00,2026-08-16 15:25:34+00:00,MIT License
ml-engineering,stas00,Python,18631,1200,18631,3,2020-09-02 19:23:01+00:00,2026-08-16 16:06:31+00:00,Creative Commons Attribution Share Alike 4.0 International
Machine-Learning-Tutorials,ujjwalkarn,Unknown,18106,3970,18106,47,2015-09-12 14:51:38+00:00,2026-08-16 15:42:48+00:00,Creative Commons Zero v1.0 Universal
ML-NLP,NLP-LOVE,Jupyter Notebook,17793,4629,17793,36,2019-07-05 12:49:53+00:00,2026-08-16 11:29:29+00:00,Unknown
brpc,apache,C++,17582,4130,17582,467,2017-09-04 09:28:47+00:00,2026-08-16 16:12:31+00:00,Apache License 2.0
ML-YouTube-Courses,dair-ai,Unknown,17359,2120,17359,21,2021-06-25 09:39:16+00:00,2026-08-16 08:26:39+00:00,Creative Commons Zero v1.0 Universal
numpy-ml,ddbourgin,Python,16334,3745,16334,48,2019-04-06 22:29:49+00:00,2026-08-14 15:12:21+00:00,GNU General Public License v3.0
transformers.js,huggingface,JavaScript,16259,1180,16259,273,2023-02-13 13:51:45+00:00,2026-08-16 10:24:35+00:00,Apache License 2.0
mml-book.github.io,mml-book,Jupyter Notebook,15881,2840,15881,197,2017-12-08 10:52:21+00:00,2026-08-16 13:18:19+00:00,Unknown
kubeflow,kubeflow,Unknown,15813,2689,15813,0,2017-11-30 18:44:19+00:00,2026-08-16 12:42:30+00:00,Apache License 2.0
cheatsheets-ai,kailashahirwar,Unknown,15428,3373,15428,12,2017-05-24 12:06:56+00:00,2026-08-14 14:32:50+00:00,MIT License
Qix,ty4z2008,Unknown,15182,4576,15182,0,2014-04-20 11:03:15+00:00,2026-08-16 05:21:24+00:00,Other
ggml,ggml-org,C++,15180,1780,15180,346,2022-09-18 17:07:19+00:00,2026-08-16 16:10:14+00:00,MIT License
imgaug,aleju,Python,14739,2451,14739,312,2015-07-10 20:31:33+00:00,2026-08-14 13:12:26+00:00,MIT License
bullet3,bulletphysics,C++,14678,3087,14678,423,2011-04-12 18:45:08+00:00,2026-08-15 23:28:29+00:00,Other
ChatterBot,gunthercox,Python,14509,4420,14509,73,2014-09-28 14:49:00+00:00,2026-08-16 13:45:21+00:00,"BSD 3-Clause ""New"" or ""Revised"" License"
dlib,davisking,C++,14433,3442,14433,38,2014-01-29 00:45:33+00:00,2026-08-12 16:40:41+00:00,Boost Software License 1.0
nni,microsoft,Python,14363,1853,14363,415,2018-06-01 05:51:44+00:00,2026-08-16 01:22:07+00:00,MIT License
mit-deep-learning-book-pdf,janishar,Java,14196,2910,14196,12,2017-04-07 10:46:50+00:00,2026-08-15 21:02:46+00:00,Unknown
ivy,unifyai,Python,14171,5466,14171,985,2021-01-19 08:37:25+00:00,2026-08-13 15:59:43+00:00,Other
handson-ml3,ageron,Jupyter Notebook,13934,5243,13934,107,2022-02-19 09:43:22+00:00,2026-08-16 14:43:16+00:00,Apache License 2.0
machine-learning-zoomcamp,DataTalksClub,Jupyter Notebook,13922,3092,13922,3,2020-04-17 04:29:23+00:00,2026-08-16 16:24:11+00:00,Unknown
tvm,apache,Python,13667,3956,13667,236,2016-10-12 22:20:28+00:00,2026-08-16 16:16:52+00:00,Apache License 2.0
Ai-Learn,tangyudi,Unknown,13260,2676,13260,20,2020-01-28 01:55:06+00:00,2026-08-16 13:01:52+00:00,Unknown
deep-learning-drizzle,kmario23,HTML,12932,2988,12932,5,2018-11-26 01:17:36+00:00,2026-08-16 06:25:48+00:00,Unknown
machine-learning-interview,khangich,Unknown,12784,2043,12784,9,2020-08-11 06:26:32+00:00,2026-08-16 09:45:17+00:00,Unknown
python-machine-learning-book,rasbt,Jupyter Notebook,12639,4372,12639,13,2015-08-07 20:39:29+00:00,2026-08-16 15:25:34+00:00,MIT License
predictionio,apache,Scala,12519,1899,12519,80,2013-01-25 19:42:32+00:00,2026-08-12 22:04:23+00:00,Apache License 2.0
lime,marcotcr,JavaScript,12167,1847,12167,133,2016-03-15 22:18:10+00:00,2026-08-15 22:11:09+00:00,"BSD 2-Clause ""Simplified"" License"
cleanlab,cleanlab,Python,11626,915,11626,119,2018-05-11 01:55:21+00:00,2026-08-16 13:16:58+00:00,Apache License 2.0
dive-into-machine-learning,dive-into-machine-learning,Unknown,11393,1866,11393,0,2015-02-22 23:48:16+00:00,2026-08-12 14:37:13+00:00,Creative Commons Attribution 4.0 International
MLAlgorithms,rushter,Python,11164,1770,11164,10,2016-10-05 06:46:45+00:00,2026-08-16 15:25:13+00:00,MIT License
turicreate,apple,C++,11163,1118,11163,522,2017-12-01 00:42:04+00:00,2026-08-12 00:02:52+00:00,"BSD 3-Clause ""New"" or ""Revised"" License"
amazon-sagemaker-examples,aws,Jupyter Notebook,10982,6960,10982,849,2017-10-23 05:55:22+00:00,2026-08-15 13:18:21+00:00,Apache License 2.0
A-Curated-List-of-ML-System-Design-Case-Studies,Engineer1999,Unknown,10940,1678,10940,7,2024-05-18 15:42:58+00:00,2026-08-16 14:08:44+00:00,Unknown
dolly,databrickslabs,Python,10805,1141,10805,6,2023-03-24 16:15:53+00:00,2026-08-16 09:28:29+00:00,Apache License 2.0
doccano,doccano,Python,10741,1824,10741,396,2018-05-09 06:10:05+00:00,2026-08-14 22:01:39+00:00,MIT License
mlcourse.ai,Yorko,Python,10690,5701,10690,4,2017-02-27 08:32:20+00:00,2026-08-15 19:18:39+00:00,Other
machine-learning-systems-design,chiphuyen,HTML,10521,1628,10521,11,2019-11-24 23:16:28+00:00,2026-08-16 14:12:46+00:00,Unknown
Machine-Learning,Jack-Cherish,Python,10369,5065,10369,7,2017-03-25 07:32:37+00:00,2026-08-16 06:03:23+00:00,Unknown
machine-learning-notes,roboticcam,Jupyter Notebook,10328,1825,10328,28,2018-02-15 15:42:33+00:00,2026-08-16 02:36:08+00:00,Unknown
3D-Machine-Learning,timzhang642,Unknown,10195,1797,10195,21,2017-08-12 15:20:54+00:00,2026-08-16 07:04:30+00:00,Unknown
tpot,EpistasisLab,Jupyter Notebook,10053,1564,10053,312,2015-11-03 21:08:40+00:00,2026-08-15 15:15:45+00:00,GNU Lesser General Public License v3.0
sktime,sktime,Python,9923,2296,9923,2410,2018-11-06 15:08:24+00:00,2026-08-16 16:45:18+00:00,"BSD 3-Clause ""New"" or ""Revised"" License"
Stock-Prediction-Models,huseinzol05,Jupyter Notebook,9484,3051,9484,47,2017-12-18 10:49:59+00:00,2026-08-16 06:07:30+00:00,Apache License 2.0
cog,replicate,Go,9459,694,9459,68,2021-02-26 23:43:09+00:00,2026-08-15 22:07:16+00:00,Apache License 2.0
golearn,sjwhitworth,Go,9437,1166,9437,89,2013-12-26 13:06:14+00:00,2026-08-15 08:34:11+00:00,MIT License
machinelearning,dotnet,C#,9348,1952,9348,1008,2018-05-03 16:20:42+00:00,2026-08-16 12:34:17+00:00,MIT License
awesome-ml-for-cybersecurity,jivoi,Unknown,9285,1939,9285,33,2016-12-20 12:46:36+00:00,2026-08-16 13:01:40+00:00,Other
awesome-project-ideas,NirantK,Unknown,9262,1291,9262,7,2017-08-19 09:37:58+00:00,2026-08-15 05:57:38+00:00,MIT License
catboost,catboost,C++,9067,1316,9067,719,2017-07-18 05:29:04+00:00,2026-08-16 09:09:36+00:00,Apache License 2.0
machine_learning_examples,lazyprogrammer,Python,8910,6405,8910,33,2014-07-31 23:40:45+00:00,2026-08-15 19:56:22+00:00,Unknown
state-of-the-art-result-for-machine-learning-problems,RedditSota,Unknown,8897,1294,8897,14,2017-11-09 01:21:40+00:00,2026-08-14 15:37:36+00:00,Apache License 2.0
pattern,clips,Python,8859,1557,8859,179,2011-05-03 15:29:01+00:00,2026-08-16 06:22:40+00:00,"BSD 3-Clause ""New"" or ""Revised"" License"
AIMLInterviews,alirezadir,Jupyter Notebook,8776,1534,8776,11,2021-01-31 03:52:09+00:00,2026-08-16 16:35:03+00:00,MIT License
financial-machine-learning,firmai,Python,8743,1409,8743,15,2019-03-21 21:00:35+00:00,2026-08-16 10:20:24+00:00,Unknown
machinelearning,ljpzzz,Jupyter Notebook,8708,3688,8708,17,2016-05-12 07:06:34+00:00,2026-08-15 14:13:52+00:00,MIT License
vowpal_wabbit,VowpalWabbit,C++,8702,1925,8702,3,2009-07-31 19:36:58+00:00,2026-08-16 00:32:04+00:00,Other
MachineLearning_Python,lawlite19,Python,8579,2515,8579,10,2016-10-17 15:44:59+00:00,2026-08-16 09:34:01+00:00,MIT License
Machine-Learning-Collection,aladdinpersson,Python,8484,2787,8484,119,2020-03-26 07:02:40+00:00,2026-08-16 06:02:49+00:00,MIT License
approachingalmost,abhishekkrthakur,Unknown,8370,1122,8370,54,2020-07-04 07:13:20+00:00,2026-08-15 13:20:52+00:00,Unknown
introduction_to_ml_with_python,amueller,Jupyter Notebook,8146,4672,8146,28,2016-05-29 18:29:47+00:00,2026-08-15 22:10:34+00:00,Unknown
auto-sklearn,automl,Python,8127,1325,8127,208,2015-07-02 15:38:10+00:00,2026-08-14 22:21:56+00:00,"BSD 3-Clause ""New"" or ""Revised"" License"
machine-learning-cheat-sheet,soulmachine,TeX,8044,1332,8044,11,2013-05-09 07:43:59+00:00,2026-08-16 15:06:14+00:00,Unknown
cortex,cortexlabs,Go,8010,593,8010,131,2019-01-24 04:43:14+00:00,2026-08-14 06:57:58+00:00,Apache License 2.0
machine-learning-roadmap,mrdbourke,Unknown,7893,1168,7893,12,2020-07-09 07:07:47+00:00,2026-08-15 21:26:11+00:00,MIT License
machine-learning-yearning-cn,deeplearning-ai,CSS,7846,1501,7846,4,2018-06-19 19:26:39+00:00,2026-08-13 11:02:10+00:00,Other
Machine-Learning-Specialization-Coursera,greyhatguy007,Jupyter Notebook,7771,3725,7771,26,2022-06-16 15:31:02+00:00,2026-08-16 16:18:20+00:00,MIT License
Machine-learning-learning-notes,Vay-keen,Unknown,7763,1879,7763,28,2018-03-24 06:48:10+00:00,2026-08-14 17:10:02+00:00,Unknown
awesome-youtubers,JoseDeFreitas,Markdown,7686,493,7686,2,2020-08-25 14:18:15+00:00,2026-08-16 16:23:23+00:00,Creative Commons Zero v1.0 Universal
Learn_Machine_Learning_in_3_Months,llSourcell,Unknown,7607,2311,7607,19,2018-03-02 10:59:53+00:00,2026-08-16 03:59:02+00:00,Unknown
h2o-3,h2oai,Jupyter Notebook,7495,2027,7495,2880,2014-03-03 16:08:07+00:00,2026-08-16 15:26:27+00:00,Apache License 2.0
industry-machine-learning,firmai,Jupyter Notebook,7484,1249,7484,3,2019-05-03 05:08:15+00:00,2026-08-14 03:11:39+00:00,Unknown
